{"trajectory_id":0,"vehicle_id":0,"timestamp":[1664511371,1664511386,1664511401,1664511416,1664511431,1664511446,1664512181,1664512196,1664512211,1664512226,1664512241],"location":[[33.414291502635706,-111.92518396810091],[33.414264523000654,-111.9251839362123],[33.414237578989216,-111.92518390436581],[33.41421059935417,-111.9251838724772],[33.414183655342725,-111.92518384063071],[33.41415667570768,-111.9251838087421],[33.41427408234834,-111.92518394751099],[33.4142471027133,-111.92518391562238],[33.41422015870185,-111.92518388377589],[33.41419317906681,-111.92518385188728],[33.41416623505537,-111.92518382004077]]}
